"","screen_name","user_id","created_at","status_id","text","retweet_count","favorite_count","is_quote_status","quote_status_id","is_retweet","retweet_status_id","in_reply_to_status_status_id","in_reply_to_status_user_id","in_reply_to_status_screen_name","lang","source","media_id","media_url","media_url_expanded","urls","urls_display","urls_expanded","mentions_screen_name","mentions_user_id","symbols","hashtags","coordinates","place_id","place_type","place_name","place_full_name","country_code","country","bounding_box_coordinates","bounding_box_type"
"1","DevBizInfoGuy","1249421005",2017-12-15 23:03:53,"941806046263341057","Unexpected... The human #facets of #dataviz! (All hail the #NYTNeedle) @NYTimes https://t.co/QIB7ODZhM4",0,0,FALSE,NA,FALSE,NA,NA,NA,NA,"en","Twitter for iPhone",NA,NA,NA,NA,"nytimes.com/2017/12/14/rea…","https://www.nytimes.com/2017/12/14/reader-center/nyt-needle-election.html","nytimes","807095",NA,"facets dataviz NYTNeedle",NA,NA,NA,NA,NA,NA,NA,NA,NA
"2","GPokharel","45729708",2017-12-15 20:51:31,"941772733242888193","81% of Evangelical Christians @CNN @nytimes #nytneedle supported pedophile @MooreSenate in Alabama. Do they have mo… https://t.co/HGdiangfbL",0,0,FALSE,NA,FALSE,NA,NA,NA,NA,"en","Twitter for iPhone",NA,NA,NA,NA,"twitter.com/i/web/status/9…","https://twitter.com/i/web/status/941772733242888193","CNN nytimes MooreSenate","759251 807095 856991644134068224",NA,"nytneedle",NA,NA,NA,NA,NA,NA,NA,NA,NA
"3","mosessister","31550240",2017-12-15 15:52:43,"941697536158588928","I love the #NYTNeedle. 

NYT Needle Returns to the Spotlight. The Internet Notices. via @NYTimes https://t.co/QurHmz6wwb",0,0,FALSE,NA,FALSE,NA,NA,NA,NA,"en","Twitter for iPhone",NA,NA,NA,NA,"nytimes.com/2017/12/14/rea…","https://www.nytimes.com/2017/12/14/reader-center/nyt-needle-election.html","nytimes","807095",NA,"NYTNeedle",NA,NA,NA,NA,NA,NA,NA,NA,NA
"4","ITGuy1959","4247374520",2017-12-15 15:35:32,"941693212015677440","I loathe the partisan radicalism of @nytpolitics but #NYTNeedle is the best predictor around. There were 2 hours he… https://t.co/1dTO65Gs5U",0,0,TRUE,"941691889929146369",FALSE,NA,NA,NA,NA,"en","Twitter Web Client",NA,NA,NA,NA,"twitter.com/i/web/status/9…","https://twitter.com/i/web/status/941693212015677440","nytpolitics","14434063",NA,"NYTNeedle",NA,NA,NA,NA,NA,NA,NA,NA,NA
"5","TheBFRoom","824645127356485632",2017-12-15 15:31:20,"941692157072732160","NYT POLITICS: The #NYTNeedle returned to the national spotlight on Tuesday, and all of the internet noticed https://t.co/haFg2aKX4n",0,0,FALSE,NA,FALSE,NA,NA,NA,NA,"en","IFTTT",NA,NA,NA,NA,"nyti.ms/2Ao6lwa","http://nyti.ms/2Ao6lwa",NA,NA,NA,"NYTNeedle",NA,NA,NA,NA,NA,NA,NA,NA,NA
"6","nytpolitics","14434063",2017-12-15 15:30:17,"941691889929146369","The #NYTNeedle returned to the national spotlight on Tuesday, and all of the internet noticed https://t.co/5VXjd4nQPa",7,17,FALSE,NA,FALSE,NA,NA,NA,NA,"en","SocialFlow",NA,NA,NA,NA,"nyti.ms/2Ao6lwa","http://nyti.ms/2Ao6lwa",NA,NA,NA,"NYTNeedle",NA,NA,NA,NA,NA,NA,NA,NA,NA
"7","MACarter73","16800335",2017-12-15 12:29:29,"941646392300331009","Amanda Cox would like you to know that the #nytneedle hasn’t changed since 2016, we have.  https://t.co/wCiGK5bZnC",0,0,FALSE,NA,FALSE,NA,NA,NA,NA,"en","Twitter for iPhone",NA,NA,NA,NA,"nytimes.com/2017/12/14/rea…","https://www.nytimes.com/2017/12/14/reader-center/nyt-needle-election.html",NA,NA,NA,"nytneedle",NA,NA,NA,NA,NA,NA,NA,NA,NA
"8","NYTNational","1767741",2017-12-15 12:22:05,"941644529010204673","The #NYTNeedle returned to the national spotlight on Tuesday, and all of the internet noticed https://t.co/FV1jMalQp2",0,1,FALSE,NA,FALSE,NA,NA,NA,NA,"en","SocialFlow",NA,NA,NA,NA,"nyti.ms/2ClTGLv","http://nyti.ms/2ClTGLv",NA,NA,NA,"NYTNeedle",NA,NA,NA,NA,NA,NA,NA,NA,NA
"9","sardwtt","1137399751",2017-12-15 11:31:05,"941631693471076352","NYT Needle Returns to the Spotlight. The Internet Notices. https://t.co/pnNsWDgLpH @Stephen_Dewitt #nytneedle",0,1,FALSE,NA,FALSE,NA,NA,NA,NA,"en","Twitter Web Client",NA,NA,NA,NA,"nyti.ms/2jTgbjC","https://nyti.ms/2jTgbjC","Stephen_Dewitt","45352925",NA,"nytneedle",NA,NA,NA,NA,NA,NA,NA,NA,NA
"10","NYTNational","1767741",2017-12-15 08:00:13,"941578629175238656","The #NYTNeedle returned to the national spotlight on Tuesday, and all of the internet noticed https://t.co/Demjx4YE2I",1,2,FALSE,NA,FALSE,NA,NA,NA,NA,"en","SocialFlow",NA,NA,NA,NA,"nyti.ms/2CoFHoj","http://nyti.ms/2CoFHoj",NA,NA,NA,"NYTNeedle",NA,NA,NA,NA,NA,NA,NA,NA,NA
"11","lauraneckstein","349130227",2017-12-15 01:28:39,"941480089040179202","NYT Needle Returns to the Spotlight. The Internet Notices. via @NYTimes #nytneedle @jeremybowers  you rock!  https://t.co/UWbFIntZvy",0,3,FALSE,NA,FALSE,NA,NA,NA,NA,"en","Twitter for iPhone",NA,NA,NA,NA,"nytimes.com/2017/12/14/rea…","https://www.nytimes.com/2017/12/14/reader-center/nyt-needle-election.html","nytimes jeremybowers","807095 8083262",NA,"nytneedle",NA,NA,NA,NA,NA,NA,NA,NA,NA
"12","NYTNational","1767741",2017-12-15 00:20:08,"941462847153983488","The #NYTNeedle returned to the national spotlight on Tuesday, and all of the internet noticed https://t.co/fow2MT1M1z",1,1,FALSE,NA,FALSE,NA,NA,NA,NA,"en","SocialFlow",NA,NA,NA,NA,"nyti.ms/2AHtC0i","http://nyti.ms/2AHtC0i",NA,NA,NA,"NYTNeedle",NA,NA,NA,NA,NA,NA,NA,NA,NA
"13","WeNowProject","448236092",2017-12-13 18:56:53,"941019109755670529","Is it too late to consider the #NYTNeedle for the #TimePersonOfTheYear? 

CC: @nytimesneedle @TIME https://t.co/1cD7nJJQCm",0,0,TRUE,"941014817250430979",FALSE,NA,NA,NA,NA,"en","Twitter Web Client",NA,NA,NA,NA,"twitter.com/ErikWemple/sta…","https://twitter.com/ErikWemple/status/941014817250430979","nytimesneedle TIME","940781181532016642 14293310",NA,"NYTNeedle TimePersonOfTheYear",NA,NA,NA,NA,NA,NA,NA,NA,NA
"14","AmandaJamesNYC","885142352096088065",2017-12-13 17:01:07,"940989975025405952","""Maybe this was my time to move the needle on moving needles."" LOL the Snowfall reference here #NYTNeedle #NYTimes… https://t.co/t7HoMsi5cu",0,0,FALSE,NA,FALSE,NA,NA,NA,NA,"en","Twitter Web Client",NA,NA,NA,NA,"twitter.com/i/web/status/9…","https://twitter.com/i/web/status/940989975025405952",NA,NA,NA,"NYTNeedle NYTimes",NA,NA,NA,NA,NA,NA,NA,NA,NA
"15","NiallStanage","24951142",2017-12-13 14:26:46,"940951132029030401","My winners (incl. Dems, black voters, Roy Moore's accusers and #NYTNeedle ) and losers (incl. Trump, Bannon and the… https://t.co/pEOduciASH",2,6,FALSE,NA,FALSE,NA,NA,NA,NA,"en","Twitter Web Client",NA,NA,NA,NA,"twitter.com/i/web/status/9…","https://twitter.com/i/web/status/940951132029030401",NA,NA,NA,"NYTNeedle",NA,NA,NA,NA,NA,NA,NA,NA,NA
"16","AlzbetHaj","844177141",2017-12-13 08:01:51,"940854263202369536","I spent the last hour thinking that the NYT needle was an actual needle #NYTNeedle",0,0,FALSE,NA,FALSE,NA,NA,NA,NA,"en","Twitter Web Client",NA,NA,NA,NA,NA,NA,NA,NA,NA,"NYTNeedle",NA,NA,NA,NA,NA,NA,NA,NA,NA
"17","MissBeaE","43078558",2017-12-13 04:07:19,"940795242038677505","Accurate. #AlabamaSenateElection  #NYTneedle https://t.co/3zwR2smzcM",0,2,TRUE,"940795037486546945",FALSE,NA,NA,NA,NA,"en","Twitter Web Client",NA,NA,NA,NA,"twitter.com/benwikler/stat…","https://twitter.com/benwikler/status/940795037486546945",NA,NA,NA,"AlabamaSenateElection NYTneedle",NA,NA,NA,NA,NA,NA,NA,NA,NA
"18","stevendmoorephd","16569030",2017-12-13 04:01:35,"940793797402906625","I’m liking the #NYTNeedle",0,1,FALSE,NA,FALSE,NA,NA,NA,NA,"en","Twitter for iPhone",NA,NA,NA,NA,NA,NA,NA,NA,NA,"NYTNeedle",NA,NA,NA,NA,NA,NA,NA,NA,NA
"19","JustSayNarf","82330604",2017-12-13 03:57:47,"940792843957932032","#RightSideofDecency #RightSideofHistory #AlabamaSenate #NYTneedle Alabama, on behalf of the United Sane Folks Of Am… https://t.co/sbcfg0QR8I",0,3,FALSE,NA,FALSE,NA,NA,NA,NA,"en","Twitter for iPad",NA,NA,NA,NA,"twitter.com/i/web/status/9…","https://twitter.com/i/web/status/940792843957932032",NA,NA,NA,"RightSideofDecency RightSideofHistory AlabamaSenate NYTneedle",NA,NA,NA,NA,NA,NA,NA,NA,NA
"20","realSunny20","28905418",2017-12-13 03:57:25,"940792752198975488","That #nytneedle just about did me in.",0,0,FALSE,NA,FALSE,NA,NA,NA,NA,"en","Twitter Web Client",NA,NA,NA,NA,NA,NA,NA,NA,NA,"nytneedle",NA,NA,NA,NA,NA,NA,NA,NA,NA
"21","AlecTang_","632328791",2017-12-13 03:53:46,"940791830429487110","awesome news day:
1) #NYTNeedle redeemed itself; and
2) even better, I spotted @KingCyclesAkl’s golden hard hat in… https://t.co/skHIVd43oK",0,6,FALSE,NA,FALSE,NA,NA,NA,NA,"en","Twitter for iPhone",NA,NA,NA,NA,"twitter.com/i/web/status/9…","https://twitter.com/i/web/status/940791830429487110","KingCyclesAkl","3237665544",NA,"NYTNeedle",NA,NA,NA,NA,NA,NA,NA,NA,NA
"22","TannerJMorton","382479172",2017-12-13 03:41:58,"940788861390778369","@neilrmoss Can we get a #NYTneedle read on this one?",0,0,FALSE,NA,FALSE,NA,"940788587058081793","110306530","neilrmoss","en","Twitter Web Client",NA,NA,NA,NA,NA,NA,"neilrmoss","110306530",NA,"NYTneedle",NA,NA,NA,NA,NA,NA,NA,NA,NA
"23","delmoi","9369062",2017-12-13 03:33:47,"940786804915089408","Pretty much all election coverage can be replaced with the #NYTNeedle - all the blather they spew on CNN/MSNBC/Fox… https://t.co/e7oBl1Dw0H",0,4,FALSE,NA,FALSE,NA,"940786338110025728","9369062","delmoi","en","Twitter Web Client",NA,NA,NA,NA,"twitter.com/i/web/status/9…","https://twitter.com/i/web/status/940786804915089408",NA,NA,NA,"NYTNeedle",NA,NA,NA,NA,NA,NA,NA,NA,NA
"24","MathewsDomingo","4189726677",2017-12-13 03:31:51,"940786317637619717","Nina Turner: Doug Jones' reliance on black vote 'troubling'
https://t.co/fCjQzEKE1S #AlabamaSenateElection #TheResistance #nytneedle",0,0,FALSE,NA,FALSE,NA,NA,NA,NA,"en","Twitter Web Client",NA,NA,NA,NA,"msn.com/en-us/news/cri…","https://www.msn.com/en-us/news/crime/turner-dem-reliance-on-black-vote-troubling/vp-BBGuY93",NA,NA,NA,"AlabamaSenateElection TheResistance nytneedle",NA,NA,NA,NA,NA,NA,NA,NA,NA
"25","taraepowers","184623580",2017-12-13 03:30:39,"940786012543963139","ROLL TIDE AND HAPPY HANUKKAH!!!!! #ALSen #DougJones #NYTNeedle https://t.co/Sqrkqc6YnQ",1,3,FALSE,NA,FALSE,NA,NA,NA,NA,"en","Twitter for iPhone","940786006894227458","http://pbs.twimg.com/tweet_video_thumb/DQ5X44aWsAIlGtz.jpg","https://twitter.com/taraepowers/status/940786012543963139/photo/1",NA,NA,NA,NA,NA,NA,"ALSen DougJones NYTNeedle",NA,"00c39537733fa112","city","Queens","Queens, NY","US","United States","-73.962582 -73.699793 -73.699793 -73.962582 40.541722 40.541722 40.8000371 40.8000371","Polygon"
"26","ResistorSister","22337700",2017-12-13 03:29:06,"940785625887895553","I <U+2764><U+FE0F> you, #NYTNeedle.  I really do. 

Go Doug Jones <f0><U+009F><U+0091><U+008D><f0><U+009F><U+0091><U+008D><f0><U+009F><U+0091><U+008D>

#AlabamaSenateRace
#PedoDown https://t.co/rFBhjx1cRY",0,5,FALSE,NA,FALSE,NA,NA,NA,NA,"en","Twitter for iPhone","940785619956940800","http://pbs.twimg.com/media/DQ5XiW9UQAAwirl.jpg","https://twitter.com/ResistorSister/status/940785625887895553/photo/1",NA,NA,NA,NA,NA,NA,"NYTNeedle AlabamaSenateRace PedoDown",NA,NA,NA,NA,NA,NA,NA,NA,NA
"27","GoodDayMarianne","249847056",2017-12-13 03:27:58,"940785339794317313","I had to look this one up. Here's a ""needle explainer"" https://t.co/FUmC0NoaX2 #nytneedle https://t.co/8mT4SdZa0U",1,4,TRUE,"940782838307270657",FALSE,NA,NA,NA,NA,"en","Twitter for iPhone",NA,NA,NA,NA,"thehill.com/homenews/media… twitter.com/juliettekayyem…","http://thehill.com/homenews/media/359128-new-york-times-bringing-back-needle-dial-for-virginia-election?amp https://twitter.com/juliettekayyem/status/940782838307270657",NA,NA,NA,"nytneedle",NA,NA,NA,NA,NA,NA,NA,NA,NA
"28","Rangerjoe63Dot","745672323596836864",2017-12-13 03:27:38,"940785256226889733","#NYTneedle https://t.co/bv7SJWObaU",0,0,TRUE,"940781640602849280",FALSE,NA,NA,NA,NA,"und","Twitter for iPhone",NA,NA,NA,NA,"twitter.com/electproject/s…","https://twitter.com/electproject/status/940781640602849280",NA,NA,NA,"NYTneedle",NA,NA,NA,NA,NA,NA,NA,NA,NA
"29","Rangerjoe63Dot","745672323596836864",2017-12-13 03:26:28,"940784960209686529","#NYTneedle https://t.co/4W5a4jXCNs",0,0,TRUE,"940781405184937985",FALSE,NA,NA,NA,NA,"und","Twitter for iPhone",NA,NA,NA,NA,"twitter.com/omara341/statu…","https://twitter.com/omara341/status/940781405184937985",NA,NA,NA,"NYTneedle",NA,NA,NA,NA,NA,NA,NA,NA,NA
"30","youngheather","19076495",2017-12-13 03:26:05,"940784863585689600","@jonfavs Poor @SteveKornacki replaced by the #nytneedle",0,1,FALSE,NA,FALSE,NA,"940784073290559488","130496027","jonfavs","en","Twitter for iPhone",NA,NA,NA,NA,NA,NA,"jonfavs SteveKornacki","130496027 44134773",NA,"nytneedle",NA,NA,NA,NA,NA,NA,NA,NA,NA
"31","Rangerjoe63Dot","745672323596836864",2017-12-13 03:25:52,"940784810947067909","#NYTneedle https://t.co/WHJPprGUUJ",0,0,TRUE,"940781555961786368",FALSE,NA,NA,NA,NA,"und","Twitter for iPhone",NA,NA,NA,NA,"twitter.com/w7voa/status/9…","https://twitter.com/w7voa/status/940781555961786368",NA,NA,NA,"NYTneedle",NA,NA,NA,NA,NA,NA,NA,NA,NA
"32","AllieMPorter","2600740243",2017-12-13 03:25:33,"940784730114576384","I can't look away #NYTneedle #flashbacks",1,2,FALSE,NA,FALSE,NA,NA,NA,NA,"en","Twitter for Android",NA,NA,NA,NA,NA,NA,NA,NA,NA,"NYTneedle flashbacks",NA,NA,NA,NA,NA,NA,NA,NA,NA
"33","liz_mcdonnell7","17295083",2017-12-13 03:25:11,"940784640389984258","Holy crap I literally just got to see the #NYTneedle shoot to the left in real time and I”m not gonna pretend it wa… https://t.co/Zlocchr51j",0,9,FALSE,NA,FALSE,NA,NA,NA,NA,"en","Twitter for iPhone",NA,NA,NA,NA,"twitter.com/i/web/status/9…","https://twitter.com/i/web/status/940784640389984258",NA,NA,NA,"NYTneedle",NA,"011add077f4d2da3","city","Brooklyn","Brooklyn, NY","US","United States","-74.041878 -73.855673 -73.855673 -74.041878 40.570842 40.570842 40.739434 40.739434","Polygon"
"34","YogaWordNerd","1852869306",2017-12-13 03:24:51,"940784553073037313","I was never afraid of needles until this one. #NYTneedle https://t.co/36txadUKP2",1,5,FALSE,NA,FALSE,NA,NA,NA,NA,"en","Twitter Web Client","940784545753808896","http://pbs.twimg.com/tweet_video_thumb/DQ5Wj1PVQAApJb1.jpg","https://twitter.com/YogaWordNerd/status/940784553073037313/photo/1",NA,NA,NA,NA,NA,NA,"NYTneedle",NA,NA,NA,NA,NA,NA,NA,NA,NA
"35","medesaparecido","285835012",2017-12-13 03:24:37,"940784495032197122","Nobody has talked about a needle on twitter tgis much since Aria was stabbing people with it #nytneedle",0,2,FALSE,NA,FALSE,NA,NA,NA,NA,"en","Twitter for iPhone",NA,NA,NA,NA,NA,NA,NA,NA,NA,"nytneedle",NA,NA,NA,NA,NA,NA,NA,NA,NA
"36","missrogue","1192",2017-12-13 03:24:04,"940784356620144640","OMG. This needle is also representative of my faith IN HUMAN KIND RIGHT NOW. #NYTNeedle #ohpleaseohplease… https://t.co/yzjNUtiKaP",1,16,FALSE,NA,FALSE,NA,NA,NA,NA,"en","Twitter Web Client",NA,NA,NA,NA,"twitter.com/i/web/status/9…","https://twitter.com/i/web/status/940784356620144640",NA,NA,NA,"NYTNeedle ohpleaseohplease",NA,NA,NA,NA,NA,NA,NA,NA,NA
"37","ThatNerdyNick","30864763",2017-12-13 03:23:21,"940784176864907264","ALL GLORY TO #NYTNeedle",0,2,FALSE,NA,FALSE,NA,NA,NA,NA,"en","Twitter Web Client",NA,NA,NA,NA,NA,NA,NA,NA,NA,"NYTNeedle",NA,NA,NA,NA,NA,NA,NA,NA,NA
"38","BJS_quire","149277809",2017-12-13 03:23:16,"940784155687874561","#NYTNEEDLE! https://t.co/JKvR6TVAgZ",0,1,FALSE,NA,FALSE,NA,NA,NA,NA,"und","Twitter for Android","940784095054913537","http://pbs.twimg.com/media/DQ5WJmQV4AEh7fo.jpg","https://twitter.com/BJS_quire/status/940784155687874561/photo/1",NA,NA,NA,NA,NA,NA,"NYTNEEDLE",NA,NA,NA,NA,NA,NA,NA,NA,NA
"39","PaulsRandomness","113489730",2017-12-13 03:22:50,"940784049135718400","The needle is now at 95% for Jones. #NYTNeedle",0,1,FALSE,NA,FALSE,NA,NA,NA,NA,"en","Twitter Web Client",NA,NA,NA,NA,NA,NA,NA,NA,NA,"NYTNeedle",NA,NA,NA,NA,NA,NA,NA,NA,NA
"40","carisac","22008215",2017-12-13 03:22:44,"940784024305524736","Needle, needle, needle! Made it out of clay! #NYTNeedle #HappyHanukkah",0,4,FALSE,NA,FALSE,NA,NA,NA,NA,"en","Twitter Web Client",NA,NA,NA,NA,NA,NA,NA,NA,NA,"NYTNeedle HappyHanukkah",NA,NA,NA,NA,NA,NA,NA,NA,NA
"41","Snldiva","1026477853",2017-12-13 03:22:11,"940783885968986112","Jesus, the #NYTNeedle just jumped to 95% Jones, @z0mgItsHutch https://t.co/fOMhcOi35y",0,2,FALSE,NA,FALSE,NA,NA,NA,NA,"en","Twitter Web Client","940783871523676160","http://pbs.twimg.com/tweet_video_thumb/DQ5V8liV4AAARbd.jpg","https://twitter.com/Snldiva/status/940783885968986112/photo/1",NA,NA,NA,"z0mgItsHutch","284422688",NA,"NYTNeedle",NA,NA,NA,NA,NA,NA,NA,NA,NA
"42","abbeysolutely1","911655606712487941",2017-12-13 03:21:57,"940783827139559424","The #NYTNeedle now says Jones has a greater than 95% chance of winning!!!",0,0,FALSE,NA,FALSE,NA,NA,NA,NA,"en","Twitter Web Client",NA,NA,NA,NA,NA,NA,NA,NA,NA,"NYTNeedle",NA,NA,NA,NA,NA,NA,NA,NA,NA
"43","nancybullyboss","977709528",2017-12-13 03:21:56,"940783822882443264","@jonfavs @danpfeiffer Looking better just now.  #nytneedle",0,0,FALSE,NA,FALSE,NA,"940776541180510208","130496027","jonfavs","en","Twitter for Android",NA,NA,NA,NA,NA,NA,"jonfavs danpfeiffer","130496027 2922928743",NA,"nytneedle",NA,NA,NA,NA,NA,NA,NA,NA,NA
"44","Rangerjoe63Dot","745672323596836864",2017-12-13 03:21:29,"940783709250142208","#NYTneedle https://t.co/2SfxjDdmIz",0,0,TRUE,"940750769405472769",FALSE,NA,NA,NA,NA,"und","Twitter for iPhone",NA,NA,NA,NA,"twitter.com/brianstelter/s…","https://twitter.com/brianstelter/status/940750769405472769",NA,NA,NA,"NYTneedle",NA,NA,NA,NA,NA,NA,NA,NA,NA
"45","Rangerjoe63Dot","745672323596836864",2017-12-13 03:20:35,"940783483269521408","#NYTneedle https://t.co/o8rLQa50Ci",0,0,TRUE,"940781495748263936",FALSE,NA,NA,NA,NA,"und","Twitter for iPhone",NA,NA,NA,NA,"twitter.com/jonward11/stat…","https://twitter.com/jonward11/status/940781495748263936",NA,NA,NA,"NYTneedle",NA,NA,NA,NA,NA,NA,NA,NA,NA
"46","SophiaSeyler","715927645909860352",2017-12-13 03:20:27,"940783448561680384","yall the internet has us by the balls right now @nytimes #AlabamaSenateElection #NYTNeedle",0,0,FALSE,NA,FALSE,NA,NA,NA,NA,"en","Twitter Web Client",NA,NA,NA,NA,NA,NA,"nytimes","807095",NA,"AlabamaSenateElection NYTNeedle",NA,NA,NA,NA,NA,NA,NA,NA,NA
"47","socialchanger","65772802",2017-12-13 03:19:47,"940783278658764802",".@SteveKornacki is about to pop a blood vessel at the precinct map on @MSNBC. #ALSenate #AlabamaSenateElection 

Al… https://t.co/kIARoG42K1",0,5,FALSE,NA,FALSE,NA,NA,NA,NA,"en","Twitter Web Client",NA,NA,NA,NA,"twitter.com/i/web/status/9…","https://twitter.com/i/web/status/940783278658764802","SteveKornacki MSNBC","44134773 2836421",NA,"ALSenate AlabamaSenateElection",NA,NA,NA,NA,NA,NA,NA,NA,NA
"48","hay777","120924076",2017-12-13 03:19:15,"940783147066822657","I honestly don't have the mental capacity to deal with this #NYTNeedle",0,0,FALSE,NA,FALSE,NA,NA,NA,NA,"en","Twitter Web Client",NA,NA,NA,NA,NA,NA,NA,NA,NA,"NYTNeedle",NA,NA,NA,NA,NA,NA,NA,NA,NA
"49","Rangerjoe63Dot","745672323596836864",2017-12-13 03:19:08,"940783116376879105","#NYTneedle https://t.co/V07v14aLiO",0,0,TRUE,"940781773285412864",FALSE,NA,NA,NA,NA,"und","Twitter for iPhone",NA,NA,NA,NA,"twitter.com/charlesppierce…","https://twitter.com/charlesppierce/status/940781773285412864",NA,NA,NA,"NYTneedle",NA,NA,NA,NA,NA,NA,NA,NA,NA
"50","Jason_IIATMS","75769924",2017-12-13 03:18:54,"940783056838975489","The #NYTneedle is up to 89%. Do not tease me.",0,1,FALSE,NA,FALSE,NA,NA,NA,NA,"en","Twitter for iPhone",NA,NA,NA,NA,NA,NA,NA,NA,NA,"NYTneedle",NA,NA,NA,NA,NA,NA,NA,NA,NA
"51","Rangerjoe63Dot","745672323596836864",2017-12-13 03:18:37,"940782987121061889","#NYTneedle https://t.co/3su5P8luGq",0,0,TRUE,"940765878873935873",FALSE,NA,NA,NA,NA,"und","Twitter for iPhone",NA,NA,NA,NA,"twitter.com/benwikler/stat…","https://twitter.com/benwikler/status/940765878873935873",NA,NA,NA,"NYTneedle",NA,NA,NA,NA,NA,NA,NA,NA,NA
"52","cpiedmo","252233667",2017-12-13 03:18:17,"940782903058993152","The #NYTNeedle directly correlates with my heart palpitations. #PoliticoProblems",0,3,FALSE,NA,FALSE,NA,NA,NA,NA,"en","Twitter for iPhone",NA,NA,NA,NA,NA,NA,NA,NA,NA,"NYTNeedle PoliticoProblems",NA,NA,NA,NA,NA,NA,NA,NA,NA
"53","lskmerlin","355277432",2017-12-13 03:17:52,"940782798947995648","Hey @nytimes #NYTNeedle @SteveKornacki I still have ptsd from a year ago, stop getting my hopes up!",0,0,FALSE,NA,FALSE,NA,NA,NA,NA,"en","Twitter for iPad",NA,NA,NA,NA,NA,NA,"nytimes SteveKornacki","807095 44134773",NA,"NYTNeedle",NA,NA,NA,NA,NA,NA,NA,NA,NA
"54","Rangerjoe63Dot","745672323596836864",2017-12-13 03:17:52,"940782797857239040","#NYTneedle https://t.co/hqLwxQRp7p",0,0,TRUE,"940781333344694273",FALSE,NA,NA,NA,NA,"und","Twitter for iPhone",NA,NA,NA,NA,"twitter.com/zachbraff/stat…","https://twitter.com/zachbraff/status/940781333344694273",NA,NA,NA,"NYTneedle",NA,NA,NA,NA,NA,NA,NA,NA,NA
"55","michmarkowitz","38305047",2017-12-13 03:17:18,"940782653963472896","I feel like every girl I go to brunch with: ""But it's been a year! Trust me, I can trust the #NYTNeedle now. You'll… https://t.co/dhP96pMbaY",1,9,FALSE,NA,FALSE,NA,NA,NA,NA,"en","Twitter Web Client",NA,NA,NA,NA,"twitter.com/i/web/status/9…","https://twitter.com/i/web/status/940782653963472896",NA,NA,NA,"NYTNeedle",NA,NA,NA,NA,NA,NA,NA,NA,NA
"56","pencls","491360361",2017-12-13 03:16:52,"940782543942619138","Takot akong umasa. Na-trauma na. #NYTNeedle",0,1,FALSE,NA,FALSE,NA,NA,NA,NA,"tl","Tweetbot for i<U+039F>S",NA,NA,NA,NA,NA,NA,NA,NA,NA,"NYTNeedle",NA,NA,NA,NA,NA,NA,NA,NA,NA
"57","Rangerjoe63Dot","745672323596836864",2017-12-13 03:16:43,"940782509926760448","#NYTneedle https://t.co/b8oPfjHPTR",0,0,TRUE,"940782146242928640",FALSE,NA,NA,NA,NA,"und","Twitter for iPhone",NA,NA,NA,NA,"twitter.com/jhernandezum/s…","https://twitter.com/jhernandezum/status/940782146242928640",NA,NA,NA,"NYTneedle",NA,NA,NA,NA,NA,NA,NA,NA,NA
"58","TaraGibsonVA","83869405",2017-12-13 03:16:33,"940782468143120384","84%??? #NYTneedle https://t.co/SIOGYcOSNi",0,5,FALSE,NA,FALSE,NA,NA,NA,NA,"und","Twitter for iPhone","940782462489317376","http://pbs.twimg.com/tweet_video_thumb/DQ5UqkeX0AAOOLS.jpg","https://twitter.com/TaraGibsonVA/status/940782468143120384/photo/1",NA,NA,NA,NA,NA,NA,"NYTneedle",NA,NA,NA,NA,NA,NA,NA,NA,NA
"59","PJ_Dakota","263707267",2017-12-13 03:16:33,"940782465362391040","Watching this #NYTneedle with a cocktail like... 

#AlabamaSenateElection https://t.co/ikU6OeLnyz",0,1,FALSE,NA,FALSE,NA,NA,NA,NA,"en","Twitter Web Client","940782433846288386","http://pbs.twimg.com/tweet_video_thumb/DQ5Uo5xV4AIbeae.jpg","https://twitter.com/PJ_Dakota/status/940782465362391040/photo/1",NA,NA,NA,NA,NA,NA,"NYTneedle AlabamaSenateElection",NA,NA,NA,NA,NA,NA,NA,NA,NA
"60","Rangerjoe63Dot","745672323596836864",2017-12-13 03:16:15,"940782392398114816","#NYTneedle https://t.co/WYI8JDYLzd",0,1,TRUE,"940770676482428928",FALSE,NA,NA,NA,NA,"und","Twitter for iPhone",NA,NA,NA,NA,"twitter.com/clintsmithiii/…","https://twitter.com/clintsmithiii/status/940770676482428928",NA,NA,NA,"NYTneedle",NA,NA,NA,NA,NA,NA,NA,NA,NA
"61","albertocairo","34255829",2017-12-13 03:15:40,"940782243638906886","#NYTNeedle https://t.co/Ak4iYtLhFg",2,7,TRUE,"940781609107718144",FALSE,NA,NA,NA,NA,"und","Twitter Web Client",NA,NA,NA,NA,"twitter.com/jbenton/status…","https://twitter.com/jbenton/status/940781609107718144",NA,NA,NA,"NYTNeedle",NA,NA,NA,NA,NA,NA,NA,NA,NA
"62","Rangerjoe63Dot","745672323596836864",2017-12-13 03:15:35,"940782222436474881","#NYTneedle https://t.co/9lUNf273Eg",0,1,TRUE,"940761581578801153",FALSE,NA,NA,NA,NA,"und","Twitter for iPhone",NA,NA,NA,NA,"twitter.com/darakass/statu…","https://twitter.com/darakass/status/940761581578801153",NA,NA,NA,"NYTneedle",NA,NA,NA,NA,NA,NA,NA,NA,NA
"63","missrogue","1192",2017-12-13 03:15:13,"940782131416051713","Sucked in by the #NYTneedle - D'oh! https://t.co/0j5A2P3COb",0,1,TRUE,"940780930465087488",FALSE,NA,NA,NA,NA,"en","Twitter Web Client",NA,NA,NA,NA,"twitter.com/NYTNeedle/stat…","https://twitter.com/NYTNeedle/status/940780930465087488",NA,NA,NA,"NYTneedle",NA,NA,NA,NA,NA,NA,NA,NA,NA
"64","Rangerjoe63Dot","745672323596836864",2017-12-13 03:15:12,"940782124944072704","#NYTneedle https://t.co/AeqTKGDAkV",0,2,TRUE,"940761999448989696",FALSE,NA,NA,NA,NA,"und","Twitter for iPhone",NA,NA,NA,NA,"twitter.com/suppressthis/s…","https://twitter.com/suppressthis/status/940761999448989696",NA,NA,NA,"NYTneedle",NA,NA,NA,NA,NA,NA,NA,NA,NA
"65","Vlr2Roof","1192395745",2017-12-13 03:15:08,"940782109051961344","My heart can't take it. #NYTNeedle #ALSen #AlabamaSenateElection https://t.co/leLHmUdBs6",0,1,FALSE,NA,FALSE,NA,NA,NA,NA,"en","Twitter for Android","940782100399005696","http://pbs.twimg.com/media/DQ5UVflUIAAA4g3.jpg","https://twitter.com/Vlr2Roof/status/940782109051961344/photo/1",NA,NA,NA,NA,NA,NA,"NYTNeedle ALSen AlabamaSenateElection",NA,NA,NA,NA,NA,NA,NA,NA,NA
"66","michmarkowitz","38305047",2017-12-13 03:15:04,"940782091427598336","Watching the #NYTNeedle and trying to be Obama but being Marian https://t.co/K8A7BVrG2f",2,16,FALSE,NA,FALSE,NA,NA,NA,NA,"en","Twitter for iPhone","940782083215167489","http://pbs.twimg.com/media/DQ5UUfkXkAERDY_.jpg","https://twitter.com/michmarkowitz/status/940782091427598336/photo/1",NA,NA,NA,NA,NA,NA,"NYTNeedle",NA,NA,NA,NA,NA,NA,NA,NA,NA
"67","FigureNyenterms","597905589",2017-12-13 03:14:44,"940782008514568192","No Moore bets #NYTNeedle pun intended",0,0,FALSE,NA,FALSE,NA,NA,NA,NA,"en","Twitter Lite",NA,NA,NA,NA,NA,NA,NA,NA,NA,"NYTNeedle",NA,NA,NA,NA,NA,NA,NA,NA,NA
"68","ResistorSister","22337700",2017-12-13 03:13:53,"940781796945530881","I don’t know how they did it, but the #NYTNeedle seems to be exactly hinged to my blood pressure.  

Next-level int… https://t.co/3Hg4uitD77",0,2,FALSE,NA,FALSE,NA,NA,NA,NA,"en","Twitter for iPhone",NA,NA,NA,NA,"twitter.com/i/web/status/9…","https://twitter.com/i/web/status/940781796945530881",NA,NA,NA,"NYTNeedle",NA,NA,NA,NA,NA,NA,NA,NA,NA
"69","Rangerjoe63Dot","745672323596836864",2017-12-13 03:12:26,"940781429658566656","@richarddeitsch #NYTneedle",0,0,FALSE,NA,FALSE,NA,"940779932006977536","25019638","richarddeitsch","und","Twitter for iPhone",NA,NA,NA,NA,NA,NA,"richarddeitsch","25019638",NA,"NYTneedle",NA,NA,NA,NA,NA,NA,NA,NA,NA
"70","cooper888","18176304",2017-12-13 03:11:59,"940781318127853569","Haha... @nytneedle #nytneedle https://t.co/1ShYyPQgsZ",1,2,FALSE,NA,FALSE,NA,NA,NA,NA,"tl","Twitter for Android","940781310791913472","http://pbs.twimg.com/media/DQ5TniEUEAAQa0v.jpg","https://twitter.com/cooper888/status/940781318127853569/photo/1",NA,NA,NA,"NYTNeedle","940773207207944192",NA,"nytneedle",NA,NA,NA,NA,NA,NA,NA,NA,NA
"71","BKathleen_","21377445",2017-12-13 03:11:43,"940781248385048581","fucking needle. #nytneedle",0,1,FALSE,NA,FALSE,NA,NA,NA,NA,"en","TweetDeck",NA,NA,NA,NA,NA,NA,NA,NA,NA,"nytneedle",NA,NA,NA,NA,NA,NA,NA,NA,NA
"72","Rangerjoe63Dot","745672323596836864",2017-12-13 03:11:23,"940781165702561794","@NoOneIsChris #NYTneedle",0,0,FALSE,NA,FALSE,NA,"940780248345522176","116023253","NoOneIsChris","und","Twitter for iPhone",NA,NA,NA,NA,NA,NA,"NoOneIsChris","116023253",NA,"NYTneedle",NA,NA,NA,NA,NA,NA,NA,NA,NA
"73","ryan_a_jones","28205138",2017-12-13 03:11:20,"940781155435073536","Oh #NYTNeedle you nearly killed me last year... trying to do it again. #ALsen https://t.co/SJYN8pA51a",0,0,FALSE,NA,FALSE,NA,NA,NA,NA,"en","Twitter for Android","940781141539414016","http://pbs.twimg.com/media/DQ5TdrjX4AAn1jO.jpg","https://twitter.com/ryan_a_jones/status/940781155435073536/photo/1",NA,NA,NA,NA,NA,NA,"NYTNeedle ALsen",NA,"f1d134c7fd204d74","city","Manchester","Manchester, CT","US","United States","-72.583489 -72.465121 -72.465121 -72.583489 41.733619 41.733619 41.820226 41.820226","Polygon"
"74","liz_mcdonnell7","17295083",2017-12-13 03:10:31,"940780948429459456","Totally strung out on the #NYTNeedle. Need a third one predicting the time we’ll be able to confidently call the ra… https://t.co/wfrd2X07KA",2,3,FALSE,NA,FALSE,NA,NA,NA,NA,"en","Twitter for iPhone",NA,NA,NA,NA,"twitter.com/i/web/status/9…","https://twitter.com/i/web/status/940780948429459456",NA,NA,NA,"NYTNeedle",NA,NA,NA,NA,NA,NA,NA,NA,NA
"75","TannerJMorton","382479172",2017-12-13 03:10:28,"940780933657088000","@neilrmoss Well I've heard their opinions are quite pointed, and their reporters are sharp at the #NYTneedle",0,1,FALSE,NA,FALSE,NA,"940780331149471744","110306530","neilrmoss","en","Twitter Web Client",NA,NA,NA,NA,NA,NA,"neilrmoss","110306530",NA,"NYTneedle",NA,NA,NA,NA,NA,NA,NA,NA,NA
"76","Rangerjoe63Dot","745672323596836864",2017-12-13 03:10:16,"940780886777200640","#NYTneedle https://t.co/zZ75NXvrgq",0,0,TRUE,"940780117567070208",FALSE,NA,NA,NA,NA,"und","Twitter for iPhone",NA,NA,NA,NA,"twitter.com/williamlegate/…","https://twitter.com/williamlegate/status/940780117567070208",NA,NA,NA,"NYTneedle",NA,NA,NA,NA,NA,NA,NA,NA,NA
"77","thekgb","860712740247273472",2017-12-13 03:09:19,"940780644992417792","#NYTneedle is a cursed image to me, tbh",0,0,FALSE,NA,FALSE,NA,NA,NA,NA,"en","Twitter for iPhone",NA,NA,NA,NA,NA,NA,NA,NA,NA,"NYTneedle",NA,NA,NA,NA,NA,NA,NA,NA,NA
"78","andrew_ranallo","892484536566767619",2017-12-13 03:08:32,"940780447012864001","Swing left, sweet chariot. #nytneedle #alsen",2,10,FALSE,NA,FALSE,NA,NA,NA,NA,"en","Twitter for iPhone",NA,NA,NA,NA,NA,NA,NA,NA,NA,"nytneedle alsen",NA,NA,NA,NA,NA,NA,NA,NA,NA
"79","sajidswerve","6872872",2017-12-13 03:08:26,"940780422841200640","Getting the #NYTNeedle tattooed on my wrists",0,2,FALSE,NA,FALSE,NA,NA,NA,NA,"en","Twitter Web Client",NA,NA,NA,NA,NA,NA,NA,NA,NA,"NYTNeedle",NA,NA,NA,NA,NA,NA,NA,NA,NA
"80","neilrmoss","110306530",2017-12-13 03:08:04,"940780331149471744","Soon all newspapers will be shut down and we'll just be left with the #NYTneedle.",1,3,FALSE,NA,FALSE,NA,NA,NA,NA,"en","Twitter Web Client",NA,NA,NA,NA,NA,NA,NA,NA,NA,"NYTneedle",NA,NA,NA,NA,NA,NA,NA,NA,NA
"81","mcjac0b","32850927",2017-12-13 03:06:58,"940780055621455874","@aegies The math looks in his favor. #NYTneedle",0,0,FALSE,NA,FALSE,NA,"940777177598930944","7125992","aegies","en","Twitter Web Client",NA,NA,NA,NA,NA,NA,"aegies","7125992",NA,"NYTneedle",NA,NA,NA,NA,NA,NA,NA,NA,NA
"82","albertocairo","34255829",2017-12-13 03:06:40,"940779978588909568","When I was a kid, my parents complained that I wasted too much time staring at a TV. Now that I'm a parent, my kids… https://t.co/FMDjqPeI0T",1,19,FALSE,NA,FALSE,NA,NA,NA,NA,"en","Twitter Web Client",NA,NA,NA,NA,"twitter.com/i/web/status/9…","https://twitter.com/i/web/status/940779978588909568",NA,NA,NA,NA,NA,NA,NA,NA,NA,NA,NA,NA,NA
"83","vlsdo","950052596",2017-12-13 03:05:51,"940779773667799041","Is the  #NYTNeedle a few minutes behind fivethirtyeight? I can't figure out out and too nervous to think clearly",0,0,FALSE,NA,FALSE,NA,NA,NA,NA,"en","Twitter Web Client",NA,NA,NA,NA,NA,NA,NA,NA,NA,"NYTNeedle",NA,NA,NA,NA,NA,NA,NA,NA,NA
"84","Monkiejens","1511952991",2017-12-13 03:04:29,"940779430384869376","THE NEEDLE JUST CHANGED #AlabamaSenateElection #NYTNEEDLE",0,0,FALSE,NA,FALSE,NA,NA,NA,NA,"en","Twitter Web Client",NA,NA,NA,NA,NA,NA,NA,NA,NA,"AlabamaSenateElection NYTNEEDLE",NA,NA,NA,NA,NA,NA,NA,NA,NA
"85","BryanLowry3","860712752",2017-12-13 03:02:49,"940779010073776128","This one goes out to @ws_missouri https://t.co/PvZTYfGKRZ #NYTNeedle",0,3,FALSE,NA,FALSE,NA,NA,NA,NA,"en","Twitter Web Client",NA,NA,NA,NA,"youtube.com/watch?v=EgNgvC…","https://www.youtube.com/watch?v=EgNgvCLRqWc","ws_missouri","1115684959",NA,"NYTNeedle",NA,NA,NA,NA,NA,NA,NA,NA,NA
"86","Rangerjoe63Dot","745672323596836864",2017-12-13 03:02:48,"940779006399414274","#NYTNeedle https://t.co/Q0EgVBW9nA",0,0,TRUE,"940761293044232193",FALSE,NA,NA,NA,NA,"und","Twitter for iPhone",NA,NA,NA,NA,"twitter.com/laurenduca/sta…","https://twitter.com/laurenduca/status/940761293044232193",NA,NA,NA,"NYTNeedle",NA,NA,NA,NA,NA,NA,NA,NA,NA
"87","alexgoldmark","17689928",2017-12-13 03:00:56,"940778536364859393","The #NYTNeedle is the car crash you can't help but look at and gives you PTSD.",2,13,FALSE,NA,FALSE,NA,NA,NA,NA,"en","Hootsuite",NA,NA,NA,NA,NA,NA,NA,NA,NA,"NYTNeedle",NA,NA,NA,NA,NA,NA,NA,NA,NA
"88","ParishStacy","2387967234",2017-12-13 03:00:09,"940778338146291713","Living for #NYTneedle! #AlabamaSenateElection #NoMoore",0,3,FALSE,NA,FALSE,NA,NA,NA,NA,"en","Twitter for iPhone",NA,NA,NA,NA,NA,NA,NA,NA,NA,"NYTneedle AlabamaSenateElection NoMoore",NA,"37d64ec7121fc808","city","Neenah","Neenah, WI","US","United States","-88.531088 -88.433837 -88.433837 -88.531088 44.119938 44.119938 44.194617 44.194617","Polygon"
"89","lyndabrendish","125261222",2017-12-13 02:58:53,"940778019739881472","For those watching every quiver of the #NYTneedle with me rn https://t.co/UNTdHWRRJp",0,0,TRUE,"940775006304337921",FALSE,NA,NA,NA,NA,"en","Twitter for iPhone",NA,NA,NA,NA,"twitter.com/nate_cohn/stat…","https://twitter.com/nate_cohn/status/940775006304337921",NA,NA,NA,"NYTneedle",NA,"d049033410e9e81b","city","Mobile","Mobile, AL","US","United States","-88.301598 -88.021513 -88.021513 -88.301598 30.523874 30.523874 30.843424 30.843424","Polygon"
"90","CharlesPaulTX","2886315693",2017-12-13 02:58:45,"940777985937985536","I wish #NYTneedle would just swing out of my screen and point towards Jeb Bush, standing right behind me already",0,0,FALSE,NA,FALSE,NA,NA,NA,NA,"en","Twitter Web Client",NA,NA,NA,NA,NA,NA,NA,NA,NA,"NYTneedle",NA,NA,NA,NA,NA,NA,NA,NA,NA
"91","amandaach","604688577",2017-12-13 02:58:41,"940777970624372736","Mood #NYTneedle #ALSen https://t.co/28wj7OoAst",0,4,FALSE,NA,FALSE,NA,NA,NA,NA,"en","Twitter Web Client","940777962013462528","http://pbs.twimg.com/media/DQ5Qkm5UEAABzAH.jpg","https://twitter.com/amandaach/status/940777970624372736/photo/1",NA,NA,NA,NA,NA,NA,"NYTneedle ALSen",NA,NA,NA,NA,NA,NA,NA,NA,NA
"92","AndyS_Denver","2457226262",2017-12-13 02:58:13,"940777853204930560","Ok now I see why @jonfavs hates the #nytneedle. This is torture",0,1,FALSE,NA,FALSE,NA,NA,NA,NA,"en","Twitter for iPhone",NA,NA,NA,NA,NA,NA,"jonfavs","130496027",NA,"nytneedle",NA,"29e276ea0852211f","city","Twin Lakes","Twin Lakes, CO","US","United States","-105.02515 -104.983142 -104.983142 -105.02515 39.8128 39.8128 39.833565 39.833565","Polygon"
"93","tylerDPT","39336429",2017-12-13 02:57:53,"940777767280480257","@jonlovett HE KNOW #NYTNeedle #chasingthedragon",0,0,FALSE,NA,FALSE,NA,"940777200478863360","174110843","jonlovett","en","Twitter for iPhone",NA,NA,NA,NA,NA,NA,"jonlovett","174110843",NA,"NYTNeedle chasingthedragon",NA,NA,NA,NA,NA,NA,NA,NA,NA
"94","vedashastri","622504763",2017-12-13 02:56:34,"940777437889286145","Our favorite thread tonight is #NYTNeedle amirite?!",0,1,FALSE,NA,FALSE,NA,NA,NA,NA,"en","Twitter for iPhone",NA,NA,NA,NA,NA,NA,NA,NA,NA,"NYTNeedle",NA,NA,NA,NA,NA,NA,NA,NA,NA
"95","TeknaMnemosynes","824375966680104962",2017-12-13 02:56:14,"940777353281712130","Some of us need to think about our relationship to needles. #NYTneedle",1,2,FALSE,NA,FALSE,NA,NA,NA,NA,"en","Twitter for iPhone",NA,NA,NA,NA,NA,NA,NA,NA,NA,"NYTneedle",NA,NA,NA,NA,NA,NA,NA,NA,NA
"96","albertocairo","34255829",2017-12-13 02:56:10,"940777336370233345","“The Needle is our master.  The Needle chooses who will go and who will stay” https://t.co/WmtOHNnkSr #NYTneedle https://t.co/QJqYZ2mBk1",10,23,TRUE,"940776290713403392",FALSE,NA,NA,NA,NA,"en","Twitter Web Client",NA,NA,NA,NA,"youtube.com/watch?v=W9t5Zq… twitter.com/jcukier/status…","https://www.youtube.com/watch?v=W9t5ZqeHcYk https://twitter.com/jcukier/status/940776290713403392",NA,NA,NA,"NYTneedle",NA,NA,NA,NA,NA,NA,NA,NA,NA
"97","tylerDPT","39336429",2017-12-13 02:55:44,"940777226865463297","The #NYTNeedle is giving me some terrible flashbacks right about now https://t.co/NzvvRGoK8c",1,2,FALSE,NA,FALSE,NA,NA,NA,NA,"en","Twitter for iPhone","940777209664606209","http://pbs.twimg.com/tweet_video_thumb/DQ5P40LXkAEUbBR.jpg","https://twitter.com/tylerDPT/status/940777226865463297/photo/1",NA,NA,NA,NA,NA,NA,"NYTNeedle",NA,"6565298bcadb82a1","city","Knoxville","Knoxville, TN","US","United States","-84.19397 -83.733713 -83.733713 -84.19397 35.831436 35.831436 36.133505 36.133505","Polygon"
"98","warrenmich1","33468770",2017-12-13 02:54:36,"940776942709510146","Watching the #NYTNeedle closely in the #ALSen election - #AlabamaSenateElection #Alabama #AlabamaSenateRace",0,3,FALSE,NA,FALSE,NA,NA,NA,NA,"en","Twitter Web Client",NA,NA,NA,NA,NA,NA,NA,NA,NA,"NYTNeedle ALSen AlabamaSenateElection Alabama AlabamaSenateRace",NA,NA,NA,NA,NA,NA,NA,NA,NA
"99","spanishbrendan","18005476",2017-12-13 02:54:34,"940776933880680448","See me, feel me, touch me, needle me...#NYTNeedle",1,4,FALSE,NA,FALSE,NA,NA,NA,NA,"en","Twitter Web Client",NA,NA,NA,NA,NA,NA,NA,NA,NA,"NYTNeedle",NA,NA,NA,NA,NA,NA,NA,NA,NA
"100","vlsdo","950052596",2017-12-13 02:53:44,"940776723150499840","The #NYTNeedle is infuriating, because I really want to believe it, but I also have no idea how they extrapolated f… https://t.co/MK0sMbDEJy",0,0,FALSE,NA,FALSE,NA,NA,NA,NA,"en","Twitter Web Client",NA,NA,NA,NA,"twitter.com/i/web/status/9…","https://twitter.com/i/web/status/940776723150499840",NA,NA,NA,"NYTNeedle",NA,NA,NA,NA,NA,NA,NA,NA,NA
"101","vlsdo","950052596",2017-12-13 02:53:44,"940776723150499840","The #NYTNeedle is infuriating, because I really want to believe it, but I also have no idea how they extrapolated f… https://t.co/MK0sMbDEJy",0,0,FALSE,NA,FALSE,NA,NA,NA,NA,"en","Twitter Web Client",NA,NA,NA,NA,"twitter.com/i/web/status/9…","https://twitter.com/i/web/status/940776723150499840",NA,NA,NA,"NYTNeedle",NA,NA,NA,NA,NA,NA,NA,NA,NA
"102","AlecTang_","632328791",2017-12-13 02:52:49,"940776493155737600","have we finally found the tipping point for the American voter?
i really, really hope so.
#NYTNeedle https://t.co/SFyEmdE7SX",1,3,FALSE,NA,FALSE,NA,NA,NA,NA,"en","Twitter Web Client","940776284900155392","http://pbs.twimg.com/media/DQ5PC_KV4AAEiFB.jpg","https://twitter.com/AlecTang_/status/940776493155737600/photo/1",NA,NA,NA,NA,NA,NA,"NYTNeedle",NA,NA,NA,NA,NA,NA,NA,NA,NA
"103","cooper888","18176304",2017-12-13 02:52:00,"940776288419160064","#NYTNeedle https://t.co/Un0VBfdJJt",0,0,TRUE,"940775951994163202",FALSE,NA,NA,NA,NA,"und","Twitter for Android",NA,NA,NA,NA,"twitter.com/benwikler/stat…","https://twitter.com/benwikler/status/940775951994163202",NA,NA,NA,"NYTNeedle",NA,NA,NA,NA,NA,NA,NA,NA,NA
"104","tylerDPT","39336429",2017-12-13 02:51:51,"940776250758615042","#NYTNeedle is the hashtag of the night",0,0,FALSE,NA,FALSE,NA,NA,NA,NA,"en","Twitter Web Client",NA,NA,NA,NA,NA,NA,NA,NA,NA,"NYTNeedle",NA,NA,NA,NA,NA,NA,NA,NA,NA
"105","nataliewickman","49376985",2017-12-13 02:51:11,"940776083795988480","I've never seen an optimist quite like the #NYTneedle",2,5,FALSE,NA,FALSE,NA,NA,NA,NA,"en","Twitter Web Client",NA,NA,NA,NA,NA,NA,NA,NA,NA,"NYTneedle",NA,NA,NA,NA,NA,NA,NA,NA,NA
"106","anotherMikeD","14727792",2017-12-13 02:51:06,"940776061410799616","Clearly the question of the night: is humanity ready for #NYTNeedle ? Does it deserve it? Or must we progress along… https://t.co/dTSYLQdukL",0,1,FALSE,NA,FALSE,NA,NA,NA,NA,"en","Twitter for iPad",NA,NA,NA,NA,"twitter.com/i/web/status/9…","https://twitter.com/i/web/status/940776061410799616",NA,NA,NA,"NYTNeedle",NA,NA,NA,NA,NA,NA,NA,NA,NA
"107","albertocairo","34255829",2017-12-13 02:50:10,"940775824969609216","Is #NYTNeedle trending already?",4,8,FALSE,NA,FALSE,NA,NA,NA,NA,"en","Twitter Web Client",NA,NA,NA,NA,NA,NA,NA,NA,NA,"NYTNeedle",NA,NA,NA,NA,NA,NA,NA,NA,NA
"108","emilybell","1489691",2017-12-13 02:48:37,"940775436728066048","I see the needle and the damage done, a little part of it in everyone, but every pollster’s like a setting sun.....#NYTNeedle",16,70,FALSE,NA,FALSE,NA,NA,NA,NA,"en","Twitter for iPhone",NA,NA,NA,NA,NA,NA,NA,NA,NA,"NYTNeedle",NA,NA,NA,NA,NA,NA,NA,NA,NA
"109","Snldiva","1026477853",2017-12-13 02:48:05,"940775303315623937","Refreshing the #NYTneedle like https://t.co/P4BETbjil4",1,4,FALSE,NA,FALSE,NA,NA,NA,NA,"en","Twitter for Android","940775295170179072","http://pbs.twimg.com/tweet_video_thumb/DQ5OJYIU8AAFZB2.jpg","https://twitter.com/Snldiva/status/940775303315623937/photo/1",NA,NA,NA,NA,NA,NA,"NYTneedle",NA,NA,NA,NA,NA,NA,NA,NA,NA
"110","LoriPA","14354457",2017-12-13 02:47:11,"940775075829223425","OH: We're counting all our chickens in one basket. #NYTneedle",0,2,FALSE,NA,FALSE,NA,NA,NA,NA,"en","Twitter Web Client",NA,NA,NA,NA,NA,NA,NA,NA,NA,"NYTneedle",NA,NA,NA,NA,NA,NA,NA,NA,NA
"111","cooper888","18176304",2017-12-13 02:46:37,"940774932308377600","#nytneedle https://t.co/kL7vU7OyFk",0,0,TRUE,"940774234070032384",FALSE,NA,NA,NA,NA,"und","Twitter for Android",NA,NA,NA,NA,"twitter.com/TUSK81/status/…","https://twitter.com/TUSK81/status/940774234070032384",NA,NA,NA,"nytneedle",NA,NA,NA,NA,NA,NA,NA,NA,NA
"112","BluishCheckMark","843994187121025024",2017-12-13 02:45:39,"940774688095076353","Nate Cohn is going all in tonight, and if he wins, he'll pull away from Nate Silver forever. #NytNeedle",0,1,FALSE,NA,FALSE,NA,NA,NA,NA,"en","Twitter Web Client",NA,NA,NA,NA,NA,NA,NA,NA,NA,"NytNeedle",NA,NA,NA,NA,NA,NA,NA,NA,NA
"113","TinaSimpson82","866999448647471104",2017-12-13 02:43:39,"940774187827949568","@Nate_Cohn @williamlegate You and that goddamn #nytneedle - getting my hope up!",1,1,FALSE,NA,FALSE,NA,"940773207979765760","463765807","Nate_Cohn","en","Twitter for iPhone",NA,NA,NA,NA,NA,NA,"Nate_Cohn williamlegate","463765807 38029205",NA,"nytneedle",NA,NA,NA,NA,NA,NA,NA,NA,NA
"114","webjournalist","20398450",2017-12-13 02:42:27,"940773886370529280","Yo, @NYTNeedle, better start tweeting before your 15 minutes are up! #NYTNeedle #AlabamaSenateElection https://t.co/D67zwhrrcY",1,2,FALSE,NA,FALSE,NA,NA,NA,NA,"en","Twitter for iPhone","940773858189000704","http://pbs.twimg.com/media/DQ5M1u9UQAAyLRB.jpg","https://twitter.com/webjournalist/status/940773886370529280/photo/1",NA,NA,NA,"NYTNeedle","940773207207944192",NA,"NYTNeedle AlabamaSenateElection",NA,NA,NA,NA,NA,NA,NA,NA,NA
"115","sharkcaitt","1365022952",2017-12-13 02:42:26,"940773879093526528","That #NYTNeedle got me like https://t.co/K1dbAwjhxo",5,15,FALSE,NA,FALSE,NA,NA,NA,NA,"en","Twitter for iPhone","940773868167245825","http://pbs.twimg.com/tweet_video_thumb/DQ5M2UIUMAEb_PU.jpg","https://twitter.com/sharkcaitt/status/940773879093526528/photo/1",NA,NA,NA,NA,NA,NA,"NYTNeedle",NA,NA,NA,NA,NA,NA,NA,NA,NA
"116","EKatz38","896684125",2017-12-13 02:41:49,"940773723799420928","Is there a hashtag for the #nytneedle? It's amazing",0,0,FALSE,NA,FALSE,NA,NA,NA,NA,"en","Twitter for Android",NA,NA,NA,NA,NA,NA,NA,NA,NA,"nytneedle",NA,"1d9a5370a355ab0c","city","Chicago","Chicago, IL","US","United States","-87.940033 -87.523993 -87.523993 -87.940033 41.644102 41.644102 42.0230669 42.0230669","Polygon"
"117","BryanWatt2","320972356",2017-12-13 02:40:43,"940773446652481537","#NYTneedle https://t.co/q5Q1XqlqgK",0,0,FALSE,NA,FALSE,NA,NA,NA,NA,"und","Twitter for iPhone","940773440138518528","http://pbs.twimg.com/tweet_video_thumb/DQ5MdZmUIAAv42Z.jpg","https://twitter.com/BryanWatt2/status/940773446652481537/photo/1",NA,NA,NA,NA,NA,NA,"NYTneedle",NA,"01fbe706f872cb32","city","Washington","Washington, DC","US","United States","-77.119401 -76.909396 -76.909396 -77.119401 38.801826 38.801826 38.9953797 38.9953797","Polygon"
"118","ChelseaHallman","726587851",2017-12-13 02:40:16,"940773334593167360","Refreshing the #NYTNeedle every 10 seconds to remind myself Jones still has a shot is definitely great for my anxiety. <f0><U+009F><U+00A4><U+00A6><f0><U+009F><U+008F><U+00BC><U+200D><U+2640><U+FE0F>",0,1,FALSE,NA,FALSE,NA,NA,NA,NA,"en","Twitter for iPhone",NA,NA,NA,NA,NA,NA,NA,NA,NA,"NYTNeedle",NA,NA,NA,NA,NA,NA,NA,NA,NA
"119","kalkrishnan83","3893414532",2017-12-13 02:35:34,"940772153548402688","#NYTNeedle coming down from the sugar high",0,0,FALSE,NA,FALSE,NA,NA,NA,NA,"en","Twitter Web Client",NA,NA,NA,NA,NA,NA,NA,NA,NA,"NYTNeedle",NA,NA,NA,NA,NA,NA,NA,NA,NA
"120","Rinavicoria","31559461",2017-12-13 02:35:23,"940772106459021313","The #nytneedle is stressing me out. #DougJones  #AlabamaSenateElection",0,1,FALSE,NA,FALSE,NA,NA,NA,NA,"en","Twitter for iPhone",NA,NA,NA,NA,NA,NA,NA,NA,NA,"nytneedle DougJones AlabamaSenateElection",NA,NA,NA,NA,NA,NA,NA,NA,NA
"121","cooper888","18176304",2017-12-13 02:34:08,"940771792703995904","#nytneedle I'm surprised there isn't a @nytneedle account yet? <f0><U+009F><U+00A4><U+0094>",0,2,FALSE,NA,FALSE,NA,NA,NA,NA,"en","Twitter for Android",NA,NA,NA,NA,NA,NA,"NYTNeedle","940773207207944192",NA,"nytneedle",NA,NA,NA,NA,NA,NA,NA,NA,NA
"122","cookcanread","2981540890",2017-12-13 02:34:03,"940771771103502343","#NYTNeedle decides the fate of this nation... Or something like that. @UpshotNYT",1,1,FALSE,NA,FALSE,NA,NA,NA,NA,"en","Twitter for iPad",NA,NA,NA,NA,NA,NA,"UpshotNYT","16955870",NA,"NYTNeedle",NA,NA,NA,NA,NA,NA,NA,NA,NA
"123","katherinelmcd","812105100206440448",2017-12-13 02:30:47,"940770949921636352","Y’all. This #NYTNeedle is too stressful. I can’t.",0,1,FALSE,NA,FALSE,NA,NA,NA,NA,"en","Twitter for iPhone",NA,NA,NA,NA,NA,NA,NA,NA,NA,"NYTNeedle",NA,NA,NA,NA,NA,NA,NA,NA,NA
"124","sarahamazon","338053588",2017-12-13 02:23:08,"940769023490514945","But seriously that #NYTneedle #AlabamaSenateElection",0,0,FALSE,NA,FALSE,NA,NA,NA,NA,"en","Twitter Web Client",NA,NA,NA,NA,NA,NA,NA,NA,NA,"NYTneedle AlabamaSenateElection",NA,NA,NA,NA,NA,NA,NA,NA,NA
"125","PaulsRandomness","113489730",2017-12-13 02:20:47,"940768431472816129","locked in to the #NYTNeedle for the #Alabama election.",0,1,FALSE,NA,FALSE,NA,NA,NA,NA,"en","Twitter Web Client",NA,NA,NA,NA,NA,NA,NA,NA,NA,"NYTNeedle Alabama",NA,NA,NA,NA,NA,NA,NA,NA,NA
"126","zachuseswords","134325909",2017-12-13 02:17:33,"940767616423079942","Don’t go breaking my heart. #NYTneedle https://t.co/lzZPkuD9TA",1,7,FALSE,NA,FALSE,NA,NA,NA,NA,"en","Twitter for iPhone","940767609586192384","http://pbs.twimg.com/media/DQ5HKBGUEAALHpL.jpg","https://twitter.com/zachuseswords/status/940767616423079942/photo/1",NA,NA,NA,NA,NA,NA,"NYTneedle",NA,"3df0e3eb1e91170b","city","Columbus","Columbus, OH","US","United States","-83.200169 -82.7713751 -82.7713751 -83.200169 39.832013 39.832013 40.157354 40.157354","Polygon"
"127","zachuseswords","134325909",2017-12-13 02:17:33,"940767616423079942","Don’t go breaking my heart. #NYTneedle https://t.co/lzZPkuD9TA",1,7,FALSE,NA,FALSE,NA,NA,NA,NA,"en","Twitter for iPhone","940767609586192384","http://pbs.twimg.com/media/DQ5HKBGUEAALHpL.jpg","https://twitter.com/zachuseswords/status/940767616423079942/photo/1",NA,NA,NA,NA,NA,NA,"NYTneedle",NA,"3df0e3eb1e91170b","city","Columbus","Columbus, OH","US","United States","-83.200169 -82.7713751 -82.7713751 -83.200169 39.832013 39.832013 40.157354 40.157354","Polygon"
